{
  "v": 40,
  "ccDivided": 20,
  "cRangeFrom": 0,
  "cRangeTo": 1,
  "cRangeFromBonus": 8.65356,
  "cRangeToBonus": -5.23648,
  "x": [
    0,
    50,
    100,
    150,
    200
  ],
  "y": [
    0.009,
    0.109,
    0.218,
    0.327,
    0.435
  ],
  "instrument_method": "Стандартный"
}