{
  "cRangeFromBonus": 8.65356,
  "cRangeToBonus": -5.23648,
  "ccDivided": 20,
  "v": 40,
  "x": [
    0,
    50,
    100,
    125,
    150,
    200
  ],
  "cRangeFrom": 0,
  "cRangeTo": 1,
  "y": [
    0.009,
    0.13,
    0.255,
    0.314,
    0.372,
    0.487
  ],
  "instrument_method": "Стандартный"
}