{
  "cRangeFromBonus": 8.65356,
  "cRangeToBonus": -5.23648,
  "ccDivided": 20,
  "v": 5000,
  "x": [
    0,
    100,
    200,
    300,
    400
  ],
  "cRangeFrom": 0,
  "cRangeTo": 1,
  "y": [
    0.03,
    0.079,
    0.14,
    0.212,
    0.282
  ]
}