{
  "cRangeFromBonus": 8.65356,
  "cRangeToBonus": -5.23648,
  "ccDivided": 20,
  "v": 40,
  "x": [
    0,
    100,
    200,
    300,
    400
  ],
  "cRangeFrom": 0,
  "cRangeTo": 1,
  "y": [
    0,
    0.068,
    0.136,
    0.196,
    0.253
  ]
}