{
  "cRangeTo": 1,
  "y": [
    0.01,
    0.143,
    0.213,
    0.287,
    0.424
  ],
  "ccDivided": 20,
  "x": [
    0,
    500,
    750,
    1000,
    1500
  ],
  "cRangeToBonus": -5.23648,
  "v": 40,
  "cRangeFrom": 0,
  "cRangeFromBonus": 8.65356
}