{
  "x": [
    0,
    500,
    1000,
    1500,
    2000
  ],
  "y": [
    0.01,
    0.035,
    0.061,
    0.088,
    0.113
  ],
  "v": 40,
  "cRangeFrom": 0,
  "cRangeTo": 1,
  "cRangeFromBonus": 8.65356,
  "cRangeToBonus": -5.23648,
  "ccDivided": 20
}