{
  "v": 40,
  "ccDivided": 20,
  "cRangeFrom": 0,
  "cRangeTo": 1,
  "cRangeFromBonus": 8.65356,
  "cRangeToBonus": -5.23648,
  "x": [
    0,
    50,
    100,
    150,
    200
  ],
  "y": [
    0.0,
    0.068,
    0.136,
    0.196,
    0.253
  ]
}